<?xml version="1.0" encoding="utf-8"?>
<ArrayOfNgPackage xmlns:xsi="http://www.w3.org/2001/XMLSchema-instance" xmlns:xsd="http://www.w3.org/2001/XMLSchema">
  <NgPackage>
    <Comment>韓国ドラマいらね</Comment>
    <PropertyName>SubgenreName</PropertyName>
    <Method>Equals</Method>
    <Word>韓国ドラマ</Word>
    <Created>2005-07-01T12:44:12.4585488+09:00</Created>
    <LastAbone>2005-07-01T12:45:45.939656+09:00</LastAbone>
  </NgPackage>
  <NgPackage>
    <Comment>DVDもってるし</Comment>
    <PropertyName>PackageName</PropertyName>
    <Method>StartsWith</Method>
    <Word>魔法の</Word>
    <Created>2005-07-01T12:44:30.058704+09:00</Created>
    <LastAbone>2005-07-01T12:45:50.4289216+09:00</LastAbone>
  </NgPackage>
</ArrayOfNgPackage>